{"price_ranges": {"min": 8.0, "max": 1249990.0, "mean": 2625.4014007826313, "quartiles": {"0.25": 379.0, "0.5": 659.0, "0.75": 1399.0}}, "gender_categories": {"appliances": "neutral", "grocery & gourmet foods": "neutral", "kids' fashion": "neutral", "sports & fitness": "neutral", "bags & luggage": "neutral", "home & kitchen": "neutral", "accessories": "neutral", "car & motorbike": "neutral", "beauty & health": "neutral", "toys & baby products": "neutral", "tv, audio & cameras": "neutral", "women's shoes": "female", "stores": "neutral", "pet supplies": "neutral", "women's clothing": "female", "men's clothing": "male", "men's shoes": "male", "industrial supplies": "neutral", "music": "neutral", "home, kitchen, pets": "neutral"}, "category_stats": {"appliances": {"avg_rating": 3.4721435316336167, "interaction_count": 1059, "avg_price": 5954.500439790576}, "grocery & gourmet foods": {"avg_rating": 3.6875, "interaction_count": 112, "avg_price": 482.58671052631576}, "kids' fashion": {"avg_rating": 3.5926892950391647, "interaction_count": 383, "avg_price": 715.6589181286549}, "sports & fitness": {"avg_rating": 3.557029177718833, "interaction_count": 377, "avg_price": 1585.084336283186}, "bags & luggage": {"avg_rating": 3.5754985754985755, "interaction_count": 351, "avg_price": 1824.2116171617158}, "home & kitchen": {"avg_rating": 3.580246913580247, "interaction_count": 486, "avg_price": 949.762341356674}, "accessories": {"avg_rating": 3.5741360089186176, "interaction_count": 3588, "avg_price": 5292.311318452381}, "car & motorbike": {"avg_rating": 3.6160714285714284, "interaction_count": 224, "avg_price": 962.388137254902}, "beauty & health": {"avg_rating": 3.7901639344262295, "interaction_count": 305, "avg_price": 804.4269433962264}, "toys & baby products": {"avg_rating": 3.5754189944134076, "interaction_count": 179, "avg_price": 832.8075342465753}, "tv, audio & cameras": {"avg_rating": 3.576407506702413, "interaction_count": 2238, "avg_price": 3524.333533943187}, "women's shoes": {"avg_rating": 3.530054644808743, "interaction_count": 183, "avg_price": 941.8197916666666}, "stores": {"avg_rating": 3.6109958506224067, "interaction_count": 964, "avg_price": 1207.1383835616439}, "pet supplies": {"avg_rating": 3.736842105263158, "interaction_count": 57, "avg_price": 691.4036538461538}, "women's clothing": {"avg_rating": 3.6076955248849853, "interaction_count": 2391, "avg_price": 635.7917925793473}, "men's clothing": {"avg_rating": 3.6416184971098264, "interaction_count": 1903, "avg_price": 895.5136026331538}, "men's shoes": {"avg_rating": 3.6051136363636362, "interaction_count": 1760, "avg_price": 1987.2083069511355}, "industrial supplies": {"avg_rating": 3.8701298701298703, "interaction_count": 154, "avg_price": 1569.414347826087}, "music": {"avg_rating": 3.774193548387097, "interaction_count": 31, "avg_price": 4317.0}, "home, kitchen, pets": {"avg_rating": 1.0, "interaction_count": 1, "avg_price": 2835.0}}}